Time_ms,Amplitude
0,0.169
0.391,0.626
0.781,0.815
1.172,0.727
1.563,0.474
1.953,0.088
2.344,-0.474
2.734,-1.004
3.125,-1.194
3.516,-1.025
3.906,-0.644
4.297,-0.343
4.688,-0.256
5.078,-0.263
5.469,-0.272
5.859,-0.166
6.25,0.171
6.641,0.652
7.031,0.916
7.422,0.831
7.813,0.733
8.203,0.618
8.594,0.54
8.984,0.416
9.375,0.192
9.766,0.103
10.16,-0.107
10.55,-0.337
10.94,-0.62
11.33,-0.899
11.72,-1.03
12.11,-0.908
12.5,-0.623
12.89,-0.175
13.28,0.192
13.67,0.219
14.06,0.104
14.45,0.206
14.84,0.331
15.23,0.18
15.63,-0.023
16.02,-0.192
16.41,-0.503
16.8,-0.673
17.19,-0.182
17.58,0.543
17.97,1.037
18.36,0.989
18.75,0.643
19.14,0.257
19.53,-0.162
19.92,-0.339
20.31,-0.058
20.7,0.527
21.09,0.792
21.48,0.748
21.88,0.514
22.27,0.071
22.66,-0.439
23.05,-0.746
23.44,-0.824
23.83,-0.831
24.22,-0.843
24.61,-0.849
25.0,-0.7
25.39,-0.315
25.78,0.109
26.17,0.29
26.56,0.429
26.95,0.356
27.34,0.39
27.73,0.595
28.13,0.724
28.52,0.867
28.91,0.92
29.3,0.623
29.69,0.149
30.08,-0.196
30.47,-0.524
30.86,-0.55
31.25,-0.283
31.64,-0.255
32.03,-0.652
32.42,-1.087
32.81,-1.188
33.2,-0.774
33.59,-0.031
33.98,0.522
34.38,0.607
34.77,0.572
35.16,0.437
35.55,0.101
35.94,-0.279
36.33,-0.594
36.72,-0.649
37.11,-0.214
37.5,0.311
37.89,0.628
38.28,0.82
38.67,0.869
39.06,0.635
39.45,0.273
39.84,-0.145
40.23,-0.299
40.63,-0.081
41.02,0.281
41.41,0.552
41.8,0.72
42.19,0.632
42.58,0.167
42.97,-0.387
43.36,-0.891
43.75,-1.267
44.14,-1.208
44.53,-0.754
44.92,-0.289
45.31,-0.0014
45.7,0.104
46.09,-0.036
46.48,-0.224
46.88,-0.084
47.27,0.302
47.66,0.76
48.05,0.998
48.44,0.966
48.83,0.647
49.22,0.438
49.61,0.159
50.0,-0.047
50.39,-0.089
50.78,-0.033
51.17,-0.164
51.56,-0.462
51.95,-0.819
52.34,-1.154
52.73,-0.996
53.13,-0.448
53.52,0.121
53.91,0.334
54.3,0.344
54.69,0.243
55.08,0.114
55.47,0.092
55.86,0.0083
56.25,-0.179
56.64,-0.276
57.03,-0.482
57.42,-0.521
57.81,-0.144
58.2,0.443
58.59,0.885
58.98,0.937
59.38,0.671
59.77,0.246
60.16,-0.114
60.55,-0.214
60.94,0.095
61.33,0.609
61.72,0.864
62.11,0.854
62.5,0.643
62.89,0.121
63.28,-0.529
63.67,-0.97
64.06,-1.085
64.45,-0.947
64.84,-0.744
65.23,-0.646
65.63,-0.667
66.02,-0.516
66.41,-0.179
66.8,0.122
67.19,0.421
67.58,0.645
67.97,0.771
68.36,0.626
68.75,0.617
69.14,0.637
69.53,0.659
69.92,0.636
70.31,0.343
70.7,0.046
71.09,-0.303
71.48,-0.573
71.88,-0.698
72.27,-0.736
72.66,-0.763
73.05,-0.802
73.44,-0.609
73.83,-0.343
74.22,-0.156
74.61,0.024
75.0,0.362
75.39,0.538
75.78,0.481
76.17,0.21
76.56,-0.077
76.95,-0.339
77.34,-0.675
77.73,-0.567
78.13,-0.08
78.52,0.607
78.91,0.965
79.3,0.906
79.69,0.586
80.08,0.156
80.47,-0.225
80.86,-0.272
81.25,0.135
81.64,0.493
82.03,0.616
82.42,0.629
82.81,0.435
83.2,0.094
83.59,-0.227
83.98,-0.539
84.38,-0.778
84.77,-0.887
85.16,-0.975
85.55,-0.831
85.94,-0.53
86.33,-0.072
86.72,0.225
87.11,0.263
87.5,0.195
87.89,0.153
88.28,0.372
88.67,0.609
89.06,0.774
89.45,0.728
89.84,0.649
90.23,0.412
90.63,0.076
91.02,-0.209
91.41,-0.32
91.8,-0.195
92.19,-0.215
92.58,-0.462
92.97,-0.909
93.36,-1.139
93.75,-0.891
94.14,-0.202
94.53,0.416
94.92,0.524
95.31,0.423
95.7,0.246
96.09,0.101
96.48,-0.126
96.88,-0.393
97.27,-0.482
97.66,-0.414
98.05,-0.27
98.44,-0.066
98.83,0.283
99.22,0.626
99.61,0.746
100.0,0.624
100.4,0.436
100.8,0.069
101.2,-0.062
101.6,0.118
102.0,0.427
102.3,0.708
102.7,0.829
103.1,0.679
103.5,0.284
103.9,-0.3
104.3,-0.892
104.7,-1.212
105.1,-1.14
105.5,-0.821
105.9,-0.477
106.3,-0.283
106.6,-0.286
107.0,-0.305
107.4,-0.231
107.8,0.055
108.2,0.601
108.6,0.974
109.0,0.906
109.4,0.696
109.8,0.542
110.2,0.378
110.5,0.377
110.9,0.274
111.3,0.2
111.7,-0.018
112.1,-0.344
112.5,-0.678
112.9,-0.97
113.3,-1.04
113.7,-0.836
114.1,-0.419
114.5,-0.045
114.8,0.146
115.2,0.212
115.6,0.203
116.0,0.116
116.4,0.24
116.8,0.245
117.2,0.0053
117.6,-0.258
118.0,-0.498
118.4,-0.706
118.8,-0.357
119.1,0.332
119.5,0.93
119.9,1.057
120.3,0.752
120.7,0.311
121.1,-0.216
121.5,-0.283
121.9,0.068
122.3,0.664
122.7,0.852
123.0,0.776
123.4,0.448
123.8,-0.056
124.2,-0.403
124.6,-0.671
125.0,-0.723
125.4,-0.67
125.8,-0.689
126.2,-0.865
126.6,-0.833
127.0,-0.485
127.3,-0.079
127.7,0.315
128.1,0.433
128.5,0.334
128.9,0.288
129.3,0.447
129.7,0.645
130.1,0.782
130.5,0.747
130.9,0.54
131.3,0.161
131.6,-0.141
132.0,-0.389
132.4,-0.436
132.8,-0.24
133.2,-0.144
133.6,-0.502
134.0,-0.96
134.4,-1.015
134.8,-0.714
135.2,-0.141
135.5,0.489
135.9,0.711
136.3,0.506
136.7,0.297
137.1,-0.133
137.5,-0.715
137.9,-0.952
138.3,-0.655
138.7,-0.098
139.1,0.425
139.5,0.775
139.8,0.764
140.2,0.635
140.6,0.517
141.0,0.214
141.4,-0.049
141.8,0.044
142.2,0.322
142.6,0.495
143.0,0.591
143.4,0.699
143.8,0.598
144.1,0.218
144.5,-0.24
144.9,-0.795
145.3,-1.143
145.7,-1.144
146.1,-0.793
146.5,-0.37
146.9,-0.153
147.3,-0.045
147.7,-0.179
148.0,-0.378
148.4,-0.306
148.8,0.208
149.2,0.779
149.6,1.066
150.0,1.004
150.4,0.684
150.8,0.317
151.2,-0.03
151.6,-0.077
152.0,0.035
152.3,0.16
152.7,0.043
153.1,-0.275
153.5,-0.735
153.9,-1.166
154.3,-1.155
154.7,-0.574
155.1,0.111
155.5,0.452
155.9,0.436
156.3,0.234
156.6,-0.0085
157.0,-0.134
157.4,-0.116
157.8,-0.198
158.2,-0.311
158.6,-0.403
159.0,-0.535
159.4,-0.35
159.8,0.177
160.2,0.845
160.5,1.096
160.9,0.832
161.3,0.406
161.7,-0.074
162.1,-0.23
162.5,0.049
162.9,0.717
163.3,1.087
163.7,0.962
164.1,0.638
164.5,0.091
164.8,-0.547
165.2,-0.938
165.6,-0.971
166.0,-0.83
166.4,-0.646
166.8,-0.595
167.2,-0.679
167.6,-0.698
168.0,-0.479
168.4,-0.154
168.8,0.284
169.1,0.581
169.5,0.753
169.9,0.707
170.3,0.622
170.7,0.597
171.1,0.551
171.5,0.576
171.9,0.465
172.3,0.258
172.7,-0.058
173.0,-0.402
173.4,-0.552
173.8,-0.628
174.2,-0.674
174.6,-0.736
175.0,-0.639
175.4,-0.456
175.8,-0.243
176.2,-0.043
176.6,0.228
177.0,0.386
177.3,0.387
177.7,0.221
178.1,-0.164
178.5,-0.475
178.9,-0.788
179.3,-0.661
179.7,-0.148
180.1,0.458
180.5,0.913
180.9,1.012
181.3,0.858
181.6,0.424
182.0,-0.051
182.4,-0.315
182.8,-0.046
183.2,0.543
183.6,0.825
184.0,0.722
184.4,0.573
184.8,0.223
185.2,-0.178
185.5,-0.551
185.9,-0.842
186.3,-0.999
186.7,-0.996
187.1,-0.885
187.5,-0.661
187.9,-0.239
188.3,0.123
188.7,0.197
189.1,0.124
189.5,0.085
189.8,0.168
190.2,0.521
190.6,0.849
191.0,0.851
191.4,0.732
191.8,0.551
192.2,0.256
192.6,-0.022
193.0,-0.144
193.4,-0.192
193.8,-0.246
194.1,-0.401
194.5,-0.77
194.9,-1.082
195.3,-0.986
195.7,-0.505
196.1,0.099
196.5,0.473
196.9,0.444
197.3,0.294
197.7,0.153
198.0,-0.082
198.4,-0.397
198.8,-0.556
199.2,-0.531
199.6,-0.385
200.4,0.266
200.8,0.641
201.2,0.846
201.6,0.816
202.0,0.557
202.3,0.192
202.7,-0.04
203.1,0.021
203.5,0.42
203.9,0.753
204.3,0.857
204.7,0.675
205.1,0.27
205.5,-0.169
205.9,-0.717
206.3,-1.147
206.6,-1.197
207.0,-0.889
207.4,-0.62
207.8,-0.37
208.2,-0.303
208.6,-0.386
209.0,-0.415
209.4,-0.19
209.8,0.334
210.2,0.785
210.5,0.975
210.9,0.826
211.3,0.634
211.7,0.586
212.1,0.55
212.5,0.435
212.9,0.29
213.3,0.168
213.7,-0.218
214.1,-0.518
214.5,-0.754
214.8,-0.95
215.2,-0.907
215.6,-0.625
216.0,-0.247
216.4,-0.02
216.8,0.079
217.2,0.024
217.6,0.016
218.0,0.157
218.4,0.188
218.8,-0.013
219.1,-0.192
219.5,-0.477
219.9,-0.717
220.3,-0.474
220.7,0.161
221.1,0.871
221.5,1.085
221.9,0.869
222.3,0.519
222.7,0.015
223.0,-0.279
223.4,0.0043
223.8,0.557
224.2,0.934
224.6,0.733
225.0,0.482
225.4,0.191
225.8,-0.235
226.2,-0.505
226.6,-0.72
227.0,-0.797
227.3,-0.963
227.7,-0.99
228.1,-0.94
228.5,-0.737
228.9,-0.261
229.3,0.22
229.7,0.407
230.1,0.317
230.5,0.241
230.9,0.342
231.3,0.626
231.6,0.913
232.0,0.975
232.4,0.811
232.8,0.479
233.2,0.128
233.6,-0.332
234.0,-0.497
234.4,-0.229
234.8,0.021
235.2,-0.276
235.5,-0.881
235.9,-1.28
236.3,-1.102
236.7,-0.501
237.1,0.173
237.5,0.507
237.9,0.593
238.3,0.502
238.7,0.145
239.1,-0.379
239.5,-0.784
239.8,-0.836
240.2,-0.459
240.6,0.165
241.0,0.68
241.4,0.997
241.8,0.986
242.2,0.775
242.6,0.428
243.0,0.064
243.4,-0.211
243.8,-0.115
244.1,0.312
244.5,0.628
244.9,0.773
245.3,0.655
245.7,0.287
246.1,-0.186
246.5,-0.666
246.9,-1.087
247.3,-1.231
247.7,-1.003
248.0,-0.573
248.4,-0.16
248.8,0.01
249.2,-0.048
249.6,-0.256
250.0,-0.421
250.4,-0.235
250.8,0.381
251.2,0.904
251.6,1.047
252.0,0.858
252.3,0.59
252.7,0.418
253.1,0.079
253.5,-0.054
253.9,0.067
254.3,0.154
254.7,-0.049
255.1,-0.351
255.5,-0.806
255.9,-1.149
256.3,-0.963
256.6,-0.411
257.0,0.157
257.4,0.427
257.8,0.363
258.2,0.044
258.6,-0.273
259.0,-0.348
259.4,-0.365
259.8,-0.224
260.2,-0.223
260.5,-0.356
260.9,-0.209
261.3,0.203
261.7,0.703
262.1,1.066
262.5,1.017
262.9,0.674
263.3,0.08
263.7,-0.276
264.1,-0.15
264.5,0.399
264.8,0.983
265.2,1.027
265.6,0.64
266.0,0.191
266.4,-0.386
266.8,-0.917
267.2,-1.162
267.6,-1.016
268.0,-0.745
268.4,-0.485
268.8,-0.371
269.1,-0.518
269.5,-0.642
269.9,-0.48
270.3,-0.068
270.7,0.468
271.1,0.843
271.5,0.893
271.9,0.722
272.3,0.55
272.7,0.586
273.0,0.611
273.4,0.541
273.8,0.299
274.2,-0.038
274.6,-0.394
275.0,-0.54
275.4,-0.457
275.8,-0.572
276.2,-0.701
276.6,-0.652
277.0,-0.5
277.3,-0.384
277.7,-0.191
278.1,0.009
278.5,0.142
278.9,0.329
279.3,0.371
279.7,-0.062
280.1,-0.463
280.5,-0.695
280.9,-0.619
281.3,-0.129
281.6,0.495
282.0,0.868
282.4,1.023
282.8,1.022
283.2,0.618
283.6,0.078
284.0,-0.239
284.4,-0.026
284.8,0.383
285.2,0.652
285.5,0.659
285.9,0.533
286.3,0.333
286.7,-0.048
287.1,-0.486
287.5,-0.953
287.9,-1.141
288.3,-1.099
288.7,-0.897
289.1,-0.695
289.5,-0.366
289.8,-0.0061
290.2,0.086
290.6,0.123
291.0,0.136
291.4,0.14
291.8,0.444
292.2,0.915
292.6,0.931
293.0,0.83
293.4,0.665
293.8,0.397
294.1,0.022
294.5,-0.277
294.9,-0.279
295.3,-0.147
295.7,-0.139
296.1,-0.587
296.5,-1.139
296.9,-1.201
297.3,-0.739
297.7,-0.087
298.0,0.344
298.4,0.387
298.8,0.303
299.2,0.132
299.6,-0.072
300.0,-0.381
300.4,-0.503
300.8,-0.489
301.2,-0.34
301.6,-0.04
302.0,0.385
302.3,0.71
302.7,0.898
303.1,0.865
303.5,0.642
303.9,0.346
304.3,0.042
304.7,-0.059
305.1,0.203
305.5,0.627
305.9,0.776
306.3,0.687
306.6,0.375
307.0,-0.097
307.4,-0.625
307.8,-1.074
308.2,-1.276
308.6,-0.996
309.0,-0.564
309.4,-0.328
309.8,-0.288
310.2,-0.382
310.5,-0.433
310.9,-0.222
311.3,0.198
311.7,0.663
312.1,0.89
312.5,0.83
312.9,0.725
313.3,0.654
313.7,0.629
314.1,0.53
314.5,0.35
314.8,0.155
315.2,-0.081
315.6,-0.449
316.0,-0.764
316.4,-0.993
316.8,-0.966
317.2,-0.817
317.6,-0.442
318.0,-0.053
318.4,-0.012
318.8,-0.086
319.1,-0.077
319.5,0.032
319.9,0.112
320.3,0.027
320.7,-0.159
321.1,-0.385
321.5,-0.466
321.9,-0.351
322.3,0.114
322.7,0.726
323.0,1.156
323.4,1.002
323.8,0.731
324.2,0.401
324.6,0.079
325.0,-0.034
325.4,0.279
325.8,0.547
326.2,0.543
326.6,0.441
327.0,0.269
327.3,-0.094
327.7,-0.453
328.1,-0.756
328.5,-0.985
328.9,-1.033
329.3,-0.943
329.7,-0.866
330.1,-0.714
330.5,-0.207
330.9,0.271
331.3,0.445
331.6,0.395
332.0,0.286
332.4,0.309
332.8,0.638
333.2,0.946
333.6,1.048
334.0,0.925
334.4,0.593
334.8,0.156
335.2,-0.256
335.5,-0.471
335.9,-0.486
336.3,-0.286
336.7,-0.363
337.1,-0.823
337.5,-1.213
337.9,-1.072
338.3,-0.488
338.7,0.085
339.1,0.428
339.5,0.54
339.8,0.458
340.2,0.152
340.6,-0.276
341.0,-0.63
341.4,-0.84
341.8,-0.509
342.2,0.03
342.6,0.495
343.0,0.866
343.4,0.928
343.8,0.855
344.1,0.477
344.5,0.156
344.9,-0.096
345.3,-0.057
345.7,0.292
346.1,0.607
346.5,0.797
346.9,0.704
347.3,0.307
347.7,-0.232
348.0,-0.721
348.4,-1.104
348.8,-1.142
349.2,-0.946
349.6,-0.632
350.0,-0.348
350.4,-0.17
350.8,-0.162
351.2,-0.274
351.6,-0.248
352.0,-0.044
352.3,0.393
352.7,0.935
353.1,1.177
353.5,0.941
353.9,0.778
354.3,0.575
354.7,0.24
355.1,0.106
355.5,0.05
355.9,-0.042
356.3,-0.195
356.6,-0.399
357.0,-0.868
357.4,-1.163
357.8,-1.027
358.2,-0.624
358.6,-0.06
359.0,0.33
359.4,0.332
359.8,0.107
360.2,-0.017
360.5,-0.135
360.9,-0.22
361.3,-0.275
361.7,-0.321
362.1,-0.379
362.5,-0.248
362.9,0.135
363.3,0.592
363.7,1.039
364.1,1.03
364.5,0.76
364.8,0.251
365.2,-0.228
365.6,-0.235
366.0,0.257
366.4,0.753
366.8,0.84
367.2,0.68
367.6,0.346
368.0,-0.22
368.4,-0.743
368.8,-1.07
369.1,-1.136
369.5,-0.938
369.9,-0.656
370.3,-0.583
370.7,-0.595
371.1,-0.542
371.5,-0.354
371.9,-0.015
372.3,0.393
372.7,0.759
373.0,0.889
373.4,0.871
373.8,0.757
374.2,0.726
374.6,0.784
375.0,0.587
375.4,0.296
375.8,0.018
376.2,-0.152
376.6,-0.381
377.0,-0.638
377.3,-0.705
377.7,-0.753
378.1,-0.783
378.5,-0.777
378.9,-0.505
379.3,-0.227
379.7,0.034
380.1,0.181
380.5,0.286
380.9,0.367
381.3,0.112
381.6,-0.269
382.0,-0.649
382.4,-0.632
382.8,-0.221
383.2,0.34
383.6,0.941
384.0,1.162
384.4,1.122
384.8,0.792
385.2,0.218
385.5,-0.289
385.9,-0.243
386.3,0.189
386.7,0.482
387.1,0.531
387.5,0.431
387.9,0.236
388.3,-0.075
388.7,-0.407
389.1,-0.854
389.5,-1.177
389.8,-1.18
390.2,-1.021
390.6,-0.715
391.0,-0.285
391.4,0.221
391.8,0.388
392.2,0.253
392.6,0.095
393.0,0.034
393.4,0.271
393.8,0.739
394.1,1.03
394.5,0.968
394.9,0.813
395.3,0.585
395.7,0.235
396.1,-0.175
396.5,-0.388
396.9,-0.38
397.3,-0.305
397.7,-0.535
398.0,-1.008
398.4,-1.167
398.8,-0.895
399.2,-0.195
399.6,0.411
400.4,0.252
400.8,0.174
401.2,0.025
401.6,-0.288
402.0,-0.495
402.3,-0.508
402.7,-0.34
403.1,-0.066
403.5,0.268
403.9,0.533
404.3,0.851
404.7,1.011
405.1,0.854
405.5,0.41
405.9,-0.018
406.3,-0.125
406.6,0.057
407.0,0.463
407.4,0.761
407.8,0.799
408.2,0.467
408.6,-0.042
409.0,-0.718
409.4,-1.319
409.8,-1.497
410.2,-1.116
410.5,-0.529
410.9,-0.255
411.3,-0.23
411.7,-0.31
412.1,-0.52
412.5,-0.448
412.9,0.127
413.3,0.755
413.7,1.035
414.1,1.051
414.5,0.907
414.8,0.743
415.2,0.626
415.6,0.501
416.0,0.3
416.4,0.236
416.8,-0.033
417.2,-0.473
417.6,-0.805
418.0,-0.998
418.4,-1.054
418.8,-0.873
419.1,-0.457
419.5,-0.171
419.9,-0.087
420.3,-0.035
420.7,-0.022
421.1,0.06
421.5,0.262
421.9,0.199
422.3,-0.016
422.7,-0.165
423.0,-0.472
423.4,-0.505
423.8,-0.064
424.2,0.762
424.6,1.244
425.0,1.169
425.4,0.746
425.8,0.329
426.2,-0.032
426.6,-0.274
427.0,-0.0034
427.3,0.539
427.7,0.721
428.1,0.441
428.5,0.202
428.9,-0.285
429.3,-0.674
429.7,-0.837
430.1,-0.846
430.5,-0.778
430.9,-0.847
431.3,-0.839
431.6,-0.705
432.0,-0.313
432.4,0.097
432.8,0.418
433.2,0.501
433.6,0.384
434.0,0.456
434.4,0.572
434.8,0.734
435.2,0.882
435.5,0.865
435.9,0.684
436.3,0.203
436.7,-0.146
437.1,-0.511
437.5,-0.525
437.9,-0.279
438.3,-0.291
438.7,-0.719
439.1,-1.062
439.5,-1.039
439.8,-0.741
440.2,-0.143
440.6,0.462
441.0,0.604
441.4,0.467
441.8,0.249
442.2,-0.102
442.6,-0.48
443.0,-0.653
443.4,-0.662
443.8,-0.27
444.1,0.429
444.5,0.933
444.9,1.018
445.3,0.911
445.7,0.648
446.1,0.35
446.5,0.082
446.9,-0.053
447.3,0.127
447.7,0.393
448.0,0.495
448.4,0.488
448.8,0.384
449.2,0.072
449.6,-0.471
450.0,-0.958
450.4,-1.307
450.8,-1.431
451.2,-1.044
451.6,-0.385
452.0,-0.033
452.3,0.033
452.7,0.062
453.1,-0.021
453.5,0.01
453.9,0.387
454.3,0.712
454.7,0.884
455.1,0.943
455.5,0.881
455.9,0.626
456.3,0.517
456.6,0.363
457.0,0.019
457.4,-0.234
457.8,-0.406
458.2,-0.581
458.6,-0.844
459.0,-1.131
459.4,-1.15
459.8,-0.824
460.2,-0.234
460.5,0.245
460.9,0.332
461.3,0.186
461.7,0.072
462.1,0.045
462.5,0.018
462.9,-0.064
463.3,-0.111
463.7,-0.237
464.1,-0.377
464.5,-0.059
464.8,0.501
465.2,1.031
465.6,1.035
466.0,0.767
466.4,0.377
466.8,0.028
467.2,-0.107
467.6,0.012
468.0,0.418
468.4,0.613
468.8,0.546
469.1,0.237
469.5,-0.043
469.9,-0.466
470.3,-0.961
470.7,-1.191
471.1,-0.994
471.5,-0.73
471.9,-0.567
472.3,-0.39
472.7,-0.318
473.0,-0.216
473.4,0.066
473.8,0.437
474.2,0.582
474.6,0.776
475.0,0.908
475.4,0.764
475.8,0.713
476.2,0.821
476.6,0.632
477.0,0.206
477.3,-0.061
477.7,-0.297
478.1,-0.553
478.5,-0.667
478.9,-0.723
479.3,-0.775
479.7,-0.861
480.1,-0.761
480.5,-0.479
480.9,-0.187
481.3,0.028
481.6,0.262
482.0,0.337
482.4,0.396
482.8,0.238
483.2,-0.135
483.6,-0.34
484.0,-0.512
484.4,-0.531
484.8,-0.01
485.2,0.791
485.5,1.153
485.9,1.075
486.3,0.725
486.7,0.274
487.1,-0.09
487.5,-0.235
487.9,0.028
488.3,0.323
488.7,0.583
489.1,0.608
489.5,0.338
489.8,-0.139
490.2,-0.562
490.6,-0.839
491.0,-0.921
491.4,-0.876
491.8,-0.936
492.2,-0.954
492.6,-0.599
493.0,-0.0093
493.4,0.359
493.8,0.432
494.1,0.419
494.5,0.303
494.9,0.349
495.3,0.652
495.7,0.872
496.1,0.876
496.5,0.801
496.9,0.557
497.3,0.1
497.7,-0.286
498.0,-0.491
498.4,-0.421
498.8,-0.316
499.2,-0.478
499.6,-0.963
500.0,-1.285
500.4,-0.986
500.8,-0.408
501.2,0.246
501.6,0.635
502.0,0.62
502.3,0.393
502.7,0.155
503.1,-0.161
503.5,-0.544
503.9,-0.547
504.3,-0.294
504.7,-0.126
505.1,0.206
505.5,0.518
505.9,0.753
506.3,0.856
506.6,0.693
507.0,0.275
507.4,-0.015
507.8,-0.138
508.2,-0.0002
508.6,0.386
509.0,0.764
509.4,0.882
509.8,0.587
510.2,0.0061
510.5,-0.677
510.9,-1.144
511.3,-1.23
511.7,-0.965
512.1,-0.564
512.5,-0.293
512.9,-0.196
513.3,-0.246
513.7,-0.411
514.1,-0.402
514.5,-0.0028
514.8,0.568
515.2,0.997
515.6,1.023
516.0,0.88
516.4,0.732
516.8,0.563
517.2,0.448
517.6,0.194
518.0,9.1
518.4,-0.134
518.8,-0.272
519.1,-0.575
519.5,-0.966
519.9,-1.117
520.3,-0.922
520.7,-0.506
521.1,-0.13
521.5,0.027
521.9,0.09
522.3,0.111
522.7,0.132
523.0,0.203
523.4,0.122
523.8,-0.046
524.2,-0.15
524.6,-0.328
525.0,-0.548
525.4,-0.2
525.8,0.468
526.2,1.046
526.6,1.066
527.0,0.665
527.3,0.385
527.7,0.04
528.1,-0.14
528.5,0.033
528.9,0.452
529.3,0.613
529.7,0.55
530.1,0.451
530.5,0.063
530.9,-0.416
531.3,-0.808
531.6,-0.918
532.0,-0.947
532.4,-0.941
532.8,-0.914
533.2,-0.791
533.6,-0.419
534.0,0.094
534.4,0.469
534.8,0.538
535.2,0.47
535.5,0.575
535.9,0.709
536.3,0.805
536.7,0.824
537.1,0.827
537.5,0.676
537.9,0.232
538.3,-0.162
538.7,-0.5
539.1,-0.607
539.5,-0.433
539.8,-0.465
540.2,-0.874
540.6,-1.23
541.0,-1.079
541.4,-0.638
541.8,-0.143
542.2,0.385
542.6,0.746
543.0,0.745
543.4,0.499
543.8,0.128
544.1,-0.241
544.5,-0.449
544.9,-0.553
545.3,-0.514
545.7,-0.052
546.1,0.559
546.5,0.868
546.9,0.803
547.3,0.617
547.7,0.414
548.0,0.056
548.4,-0.142
548.8,-0.12
549.2,0.231
549.6,0.565
550.0,0.688
550.4,0.517
550.8,0.16
551.2,-0.225
551.6,-0.686
552.0,-1.029
552.3,-1.13
552.7,-0.995
553.1,-0.575
553.5,-0.133
553.9,0.096
554.3,-0.012
554.7,-0.046
555.1,0.0015
555.5,0.088
555.9,0.531
556.3,0.796
556.6,0.788
557.0,0.757
557.4,0.724
557.8,0.422
558.2,0.164
558.6,0.0055
559.0,-0.149
559.4,-0.202
559.8,-0.388
560.2,-0.733
560.5,-1.041
560.9,-1.034
561.3,-0.693
561.7,-0.193
562.1,0.197
562.5,0.257
562.9,0.178
563.3,0.099
563.7,0.089
564.1,0.037
564.5,-0.123
564.8,-0.217
565.2,-0.307
565.6,-0.485
566.0,-0.213
566.4,0.373
566.8,0.924
567.2,1.048
567.6,0.834
568.0,0.485
568.4,0.095
568.8,-0.189
569.1,-0.139
569.5,0.334
569.9,0.713
570.3,0.702
570.7,0.475
571.1,0.116
571.5,-0.418
571.9,-0.985
572.3,-1.18
572.7,-1.05
573.0,-0.779
573.4,-0.553
573.8,-0.4
574.2,-0.325
574.6,-0.177
575.0,0.0018
575.4,0.343
575.8,0.655
576.2,0.849
576.6,0.821
577.0,0.702
577.3,0.676
577.7,0.611
578.1,0.532
578.5,0.227
578.9,0.025
579.3,-0.262
579.7,-0.554
580.1,-0.706
580.5,-0.817
580.9,-0.844
581.3,-0.776
581.6,-0.565
582.0,-0.353
582.4,-0.16
582.8,0.048
583.2,0.299
583.6,0.404
584.0,0.47
584.4,0.312
584.8,-0.038
585.2,-0.352
585.5,-0.704
585.9,-0.593
586.3,-0.096
586.7,0.608
587.1,1.024
587.5,1.034
587.9,0.806
588.3,0.281
588.7,-0.244
589.1,-0.475
589.5,-0.175
589.8,0.406
590.2,0.777
590.6,0.808
591.0,0.552
591.4,0.065
591.8,-0.392
592.2,-0.727
592.6,-0.905
593.0,-0.933
593.4,-0.911
593.8,-0.839
594.1,-0.554
594.5,-0.0044
594.9,0.318
595.3,0.306
595.7,0.265
596.1,0.147
596.5,0.146
596.9,0.493
597.3,0.927
597.7,0.887
598.0,0.768
598.4,0.457
598.8,0.026
599.2,-0.219
599.6,-0.346
600.4,-0.329
600.8,-0.393
601.2,-0.899
601.6,-1.164
602.0,-0.9
602.3,-0.3
602.7,0.3
603.1,0.632
603.5,0.553
603.9,0.387
604.3,0.138
604.7,-0.178
605.1,-0.525
605.5,-0.638
605.9,-0.414
606.3,-0.241
606.6,0.203
607.0,0.531
607.4,0.706
607.8,0.706
608.2,0.557
608.6,0.35
609.0,0.058
609.4,0.031
609.8,0.13
610.2,0.412
610.5,0.709
610.9,0.81
611.3,0.606
611.7,0.158
612.1,-0.381
612.5,-0.966
612.9,-1.28
613.3,-1.226
613.7,-0.82
614.1,-0.338
614.5,-0.121
614.8,-0.194
615.2,-0.3
615.6,-0.405
616.0,-0.156
616.4,0.512
616.8,1.003
617.2,1.09
617.6,0.908
618.0,0.691
618.4,0.522
618.8,0.282
619.1,0.128
619.5,0.115
619.9,0.084
620.3,-0.159
620.7,-0.588
621.1,-0.943
621.5,-1.153
621.9,-1.021
622.3,-0.616
622.7,-0.119
623.0,0.2
623.4,0.186
623.8,0.096
624.2,0.089
624.6,0.145
625.0,0.178
625.4,0.053
625.8,-0.101
626.2,-0.305
626.6,-0.532
627.0,-0.362
627.3,0.269
627.7,0.921
628.1,1.067
628.5,0.743
628.9,0.252
629.3,-0.072
629.7,-0.156
630.1,-0.039
630.5,0.281
630.9,0.566
631.3,0.656
631.6,0.578
632.0,0.303
632.4,-0.16
632.8,-0.709
633.2,-0.978
633.6,-0.917
634.0,-0.781
634.4,-0.757
634.8,-0.714
635.2,-0.448
635.5,-0.039
635.9,0.31
636.3,0.498
636.7,0.473
637.1,0.399
637.5,0.516
637.9,0.684
638.3,0.672
638.7,0.684
639.1,0.625
639.5,0.305
639.8,-0.093
640.2,-0.357
640.6,-0.467
641.0,-0.424
641.4,-0.392
641.8,-0.719
642.2,-1.019
642.6,-0.927
643.0,-0.529
643.4,-0.147
643.8,0.213
644.1,0.557
644.5,0.618
644.9,0.487
645.3,0.193
645.7,-0.197
646.1,-0.398
646.5,-0.599
646.9,-0.547
647.3,-0.118
647.7,0.384
648.0,0.757
648.4,0.779
648.8,0.65
649.2,0.383
649.6,0.08
650.0,-0.143
650.4,-0.137
650.8,0.165
651.2,0.529
651.6,0.75
652.0,0.67
652.3,0.347
652.7,-0.146
653.1,-0.613
653.5,-0.97
653.9,-1.097
654.3,-0.934
654.7,-0.635
655.1,-0.289
655.5,-0.065
655.9,0.05
656.3,-0.015
656.6,-0.036
657.0,0.077
657.4,0.392
657.8,0.827
658.2,0.845
658.6,0.672
659.0,0.597
659.4,0.543
659.8,0.323
660.2,-0.083
660.5,-0.144
660.9,-0.16
661.3,-0.405
661.7,-0.749
662.1,-1.069
662.5,-1.026
662.9,-0.633
663.3,-0.086
663.7,0.202
664.1,0.307
664.5,0.37
664.8,0.23
665.2,-0.0011
665.6,-0.085
666.0,-0.178
666.4,-0.291
666.8,-0.338
667.2,-0.503
667.6,-0.329
668.0,0.223
668.4,0.744
668.8,0.829
669.1,0.623
669.5,0.453
669.9,0.045
670.3,-0.066
670.7,0.158
671.1,0.453
671.5,0.676
671.9,0.765
672.3,0.643
672.7,0.312
673.0,-0.195
673.4,-0.777
673.8,-1.129
674.2,-1.096
674.6,-0.857
675.0,-0.595
675.4,-0.455
675.8,-0.453
676.2,-0.358
676.6,-0.198
677.0,0.196
677.3,0.636
677.7,0.954
678.1,0.909
678.5,0.72
678.9,0.605
679.3,0.558
679.7,0.44
680.1,0.294
680.5,0.195
680.9,-0.05
681.3,-0.33
681.6,-0.686
682.0,-0.857
682.4,-0.937
682.8,-0.913
683.2,-0.743
683.6,-0.356
684.0,-0.0091
684.4,0.174
684.8,0.364
685.2,0.462
685.5,0.456
685.9,0.336
686.3,0.0049
686.7,-0.376
687.1,-0.795
687.5,-0.734
687.9,-0.223
688.3,0.456
688.7,0.94
689.1,0.894
689.5,0.692
689.8,0.255
690.2,-0.154
690.6,-0.351
691.0,-0.04
691.4,0.424
691.8,0.637
692.2,0.666
692.6,0.497
693.0,0.233
693.4,-0.081
693.8,-0.402
694.1,-0.757
694.5,-0.905
694.9,-0.913
695.3,-0.878
695.7,-0.63
696.1,-0.132
696.5,0.163
696.9,0.225
697.3,0.178
697.7,0.042
698.0,0.066
698.4,0.421
698.8,0.85
699.2,0.92
699.6,0.881
700.0,0.565
700.4,0.153
700.8,-0.102
701.2,-0.31
701.6,-0.287
702.0,-0.213
702.3,-0.2
702.7,-0.664
703.1,-1.12
703.5,-1.07
703.9,-0.518
704.3,0.22
704.7,0.585
705.1,0.574
705.5,0.385
705.9,0.205
706.3,-0.157
706.6,-0.514
707.0,-0.727
707.4,-0.694
707.8,-0.487
708.2,-0.037
708.6,0.458
709.0,0.752
709.4,0.826
709.8,0.669
710.2,0.389
710.5,0.068
710.9,-0.065
711.3,0.124
711.7,0.503
712.1,0.804
712.5,0.875
712.9,0.626
713.3,0.233
713.7,-0.213
714.1,-0.776
714.5,-1.243
714.8,-1.295
715.2,-0.934
715.6,-0.501
716.0,-0.232
716.4,-0.226
716.8,-0.287
717.2,-0.339
717.6,-0.241
718.0,0.305
718.4,0.876
718.8,1.133
719.1,0.96
719.5,0.753
719.9,0.637
720.3,0.439
720.7,0.21
721.1,0.127
721.5,0.07
721.9,-0.196
722.3,-0.526
722.7,-0.891
723.0,-1.08
723.4,-0.966
723.8,-0.654
724.2,-0.211
724.6,0.142
725.0,0.244
725.4,0.157
725.8,0.055
726.2,0.123
726.6,0.23
727.0,0.032
727.3,-0.204
727.7,-0.421
728.1,-0.64
728.5,-0.509
728.9,0.024
729.3,0.726
729.7,1.003
730.1,0.861
730.5,0.525
730.9,0.114
731.3,-0.077
731.6,-0.0055
732.0,0.264
732.4,0.517
732.8,0.656
733.2,0.587
733.6,0.303
734.0,-0.119
734.4,-0.49
734.8,-0.849
735.2,-0.939
735.5,-0.798
735.9,-0.693
736.3,-0.645
736.7,-0.505
737.1,-0.182
737.5,0.084
737.9,0.373
738.3,0.407
738.7,0.366
739.1,0.381
739.5,0.524
739.8,0.679
740.2,0.832
740.6,0.776
741.0,0.311
741.4,0.0085
741.8,-0.302
742.2,-0.408
742.6,-0.254
743.0,-0.297
743.4,-0.602
743.8,-0.905
744.1,-0.798
744.5,-0.514
744.9,-0.031
745.3,0.275
745.7,0.44
746.1,0.443
746.5,0.345
746.9,0.079
747.3,-0.331
747.7,-0.729
748.0,-0.983
748.4,-0.773
748.8,-0.166
749.2,0.533
749.6,0.817
750.0,0.812
750.4,0.749
750.8,0.549
751.2,0.086
751.6,-0.026
752.0,0.162
752.3,0.466
752.7,0.682
753.1,0.831
753.5,0.716
753.9,0.342
754.3,-0.173
754.7,-0.745
755.1,-1.235
755.5,-1.343
755.9,-1.027
756.3,-0.619
756.6,-0.338
757.0,-0.099
757.4,-0.061
757.8,-0.204
758.2,-0.238
758.6,0.011
759.0,0.448
759.4,0.848
759.8,1.023
760.2,0.906
760.5,0.751
760.9,0.53
761.3,0.248
761.7,0.051
762.1,0.013
762.5,-0.034
762.9,-0.183
763.3,-0.584
763.7,-1.11
764.1,-1.245
764.5,-0.827
764.8,-0.207
765.2,0.217
765.6,0.326
766.0,0.281
766.4,0.154
766.8,0.014
767.2,-0.121
767.6,-0.23
768.0,-0.303
768.4,-0.435
768.8,-0.558
769.1,-0.3
769.5,0.212
769.9,0.659
770.3,0.995
770.7,1.01
771.1,0.729
771.5,0.249
771.9,-0.089
772.3,-0.047
772.7,0.295
773.0,0.746
773.4,0.851
773.8,0.687
774.2,0.391
774.6,-0.181
775.0,-0.8
775.4,-1.298
775.8,-1.206
776.2,-0.779
776.6,-0.473
777.0,-0.521
777.3,-0.508
777.7,-0.43
778.1,-0.348
778.5,0.033
778.9,0.466
779.3,0.647
779.7,0.697
780.1,0.72
780.5,0.657
780.9,0.601
781.3,0.576
781.6,0.437
782.0,0.21
782.4,0.104
782.8,-0.135
783.2,-0.542
783.6,-0.743
784.0,-0.808
784.4,-0.809
784.8,-0.619
785.2,-0.255
785.5,-0.12
785.9,-0.0034
786.3,0.164
786.7,0.221
787.1,0.262
787.5,0.276
787.9,-0.063
788.3,-0.503
788.7,-0.718
789.1,-0.706
789.5,-0.281
789.8,0.367
790.2,0.984
790.6,1.034
791.0,0.811
791.4,0.521
791.8,0.05
792.2,-0.182
792.6,0.072
793.0,0.477
793.4,0.712
793.8,0.716
794.1,0.575
794.5,0.185
794.9,-0.243
795.3,-0.545
795.7,-0.785
796.1,-0.877
796.5,-0.954
796.9,-0.936
797.3,-0.708
797.7,-0.29
798.0,0.058
798.4,0.096
798.8,0.067
799.2,-0.0021
799.6,0.0022
